{"cameraMode":{"drawMode":0,"name":"Shaded","section":"Shading Mode"},"sceneLighting":true,"audioPlay":false,"sceneViewState":{"showFog":true,"showMaterialUpdate":false,"showSkybox":true,"showFlares":true,"showImageEffects":true,"showParticleSystems":true},"in2DMode":false,"pivot":{"x":4.784153938293457,"y":5.118168830871582,"z":6.327730655670166},"rotation":{"x":0.04421025887131691,"y":0.9559791684150696,"z":-0.20060811936855317,"w":0.21145036816596986},"size":19.77376937866211,"orthographic":true}