{"cameraMode":{"drawMode":0,"name":"Shaded","section":"Shading Mode"},"sceneLighting":true,"audioPlay":false,"sceneViewState":{"showFog":true,"showMaterialUpdate":false,"showSkybox":true,"showFlares":true,"showImageEffects":true,"showParticleSystems":true},"in2DMode":false,"pivot":{"x":4.298736572265625,"y":0.05159423500299454,"z":1.8522347211837769},"rotation":{"x":0.11841324716806412,"y":0.8818584084510803,"z":-0.31522977352142336,"w":0.33122923970222475},"size":24.436784744262697,"orthographic":true}