{"cameraMode":{"drawMode":0,"name":"Shaded","section":"Shading Mode"},"sceneLighting":true,"audioPlay":false,"sceneViewState":{"showFog":true,"showMaterialUpdate":false,"showSkybox":true,"showFlares":true,"showImageEffects":true,"showParticleSystems":true},"in2DMode":false,"pivot":{"x":3.174405097961426,"y":1.740511178970337,"z":7.111556529998779},"rotation":{"x":0.09714828431606293,"y":0.8650132417678833,"z":-0.1826084703207016,"w":0.4575057029724121},"size":15.574653625488282,"orthographic":true}