{"cameraMode":{"drawMode":0,"name":"Shaded","section":"Shading Mode"},"sceneLighting":true,"audioPlay":false,"sceneViewState":{"showFog":true,"showMaterialUpdate":false,"showSkybox":true,"showFlares":true,"showImageEffects":true,"showParticleSystems":true},"in2DMode":false,"pivot":{"x":-0.3720259666442871,"y":3.47454833984375,"z":7.259041786193848},"rotation":{"x":-0.07436587661504746,"y":-0.9102627635002136,"z":0.1835608184337616,"w":-0.36441147327423098},"size":14.818320274353028,"orthographic":true}