{"cameraMode":{"drawMode":0,"name":"Shaded","section":"Shading Mode"},"sceneLighting":true,"audioPlay":false,"sceneViewState":{"showFog":true,"showMaterialUpdate":false,"showSkybox":true,"showFlares":true,"showImageEffects":true,"showParticleSystems":true},"in2DMode":false,"pivot":{"x":16.907520294189454,"y":-0.46142590045928957,"z":-4.753905296325684},"rotation":{"x":0.04209751635789871,"y":0.9111153483390808,"z":-0.0942055881023407,"w":0.4003715515136719},"size":19.677959442138673,"orthographic":true}